id,clee,nombre_de_la_unidad_economica,codigo_de_la_clase_actividad_scian,source_folder,categoria_relevancia_ambiental,palabras_clave_detectadas,distancia_hidrografia_m,rango_distancia_hidrografia,latitud,longitud,categoria_auditada,notas_auditoria,fuente_auditoria,query_maps,query_web,keywords_detectadas,criterio_auditoria,criterio_auditoria_sugerido,categoria_sugerida,prioridad_revision,decision_estudio,texto_auditoria_normalizado,region_auditoria,localidad_auditoria,municipio_auditoria,archivo_origen_auditoria,distancia_hidrografia_auditoria_m,__original_columns
6859807,21074313230000016002000000U1,SKYFELT,313230,agebs\xalmimilulco,revisar,,4.281905593624993,0-100 m,19.21737164,-98.40569301,,,,SKYFELT Santa Ana Xalmimilulco Huejotzingo Puebla Google Maps,SKYFELT Santa Ana Xalmimilulco Huejotzingo Puebla textil mezclilla maquila lavanderia tintoreria confeccion taller,,sin evidencia suficiente; requiere revision manual,sin evidencia suficiente; requiere revision manual,revisar,alta,,skyfelt 313230 nan agebs xalmimilulco,xalmimilulco,Santa Ana Xalmimilulco,Huejotzingo,auditoria_revisar_xalmimilulco_enriquecida.csv,4.281905593624993,"id, clee, nombre_de_la_unidad_economica, codigo_de_la_clase_actividad_scian, source_folder, categoria_relevancia_ambiental, palabras_clave_detectadas, distancia_hidrografia_m, rango_distancia_hidrografia, latitud, longitud, categoria_auditada, notas_auditoria"
6379890,21074313210000047100000000U8,SKYTEX MEXICO,313210,agebs\xalmimilulco,revisar,,45.2195896144847,0-100 m,19.21676433,-98.40587437,,,,SKYTEX MEXICO Santa Ana Xalmimilulco Huejotzingo Puebla Google Maps,SKYTEX MEXICO Santa Ana Xalmimilulco Huejotzingo Puebla textil mezclilla maquila lavanderia tintoreria confeccion taller,,sin evidencia suficiente; requiere revision manual,sin evidencia suficiente; requiere revision manual,revisar,alta,,skytex mexico 313210 nan agebs xalmimilulco,xalmimilulco,Santa Ana Xalmimilulco,Huejotzingo,auditoria_revisar_xalmimilulco_enriquecida.csv,45.2195896144847,"id, clee, nombre_de_la_unidad_economica, codigo_de_la_clase_actividad_scian, source_folder, categoria_relevancia_ambiental, palabras_clave_detectadas, distancia_hidrografia_m, rango_distancia_hidrografia, latitud, longitud, categoria_auditada, notas_auditoria"
3538483,21074315229001255003000000U4,HERA APPAREL,315229,agebs\xalmimilulco,revisar,,114.44913156823104,100-250 m,19.19542489,-98.38726817,,,,HERA APPAREL Santa Ana Xalmimilulco Huejotzingo Puebla Google Maps,HERA APPAREL Santa Ana Xalmimilulco Huejotzingo Puebla textil mezclilla maquila lavanderia tintoreria confeccion taller,,sin evidencia suficiente; requiere revision manual,sin evidencia suficiente; requiere revision manual,revisar,alta,,hera apparel 315229 nan agebs xalmimilulco,xalmimilulco,Santa Ana Xalmimilulco,Huejotzingo,auditoria_revisar_xalmimilulco_enriquecida.csv,114.44913156823104,"id, clee, nombre_de_la_unidad_economica, codigo_de_la_clase_actividad_scian, source_folder, categoria_relevancia_ambiental, palabras_clave_detectadas, distancia_hidrografia_m, rango_distancia_hidrografia, latitud, longitud, categoria_auditada, notas_auditoria"
3326283,21074461190000381010000000U5,DISEÑO DE ROPA A LA MEDIDA,315225,agebs\xalmimilulco,revisar,,160.62235133224095,100-250 m,19.20923132,-98.38722989,,,,DISEÑO DE ROPA A LA MEDIDA Santa Ana Xalmimilulco Huejotzingo Puebla Google Maps,DISEÑO DE ROPA A LA MEDIDA Santa Ana Xalmimilulco Huejotzingo Puebla ropa tienda comercio,baja_comercio: ropa,parece comercio simple de prendas o telas,parece comercio simple de prendas o telas,excluir,alta,,diseno de ropa a la medida 315225 nan agebs xalmimilulco,xalmimilulco,Santa Ana Xalmimilulco,Huejotzingo,auditoria_revisar_xalmimilulco_enriquecida.csv,160.62235133224095,"id, clee, nombre_de_la_unidad_economica, codigo_de_la_clase_actividad_scian, source_folder, categoria_relevancia_ambiental, palabras_clave_detectadas, distancia_hidrografia_m, rango_distancia_hidrografia, latitud, longitud, categoria_auditada, notas_auditoria"
8692099,21074541430000062111000000U5,PUBLICIDAD Y TEXTILES,323119,agebs\xalmimilulco,revisar,textiles,265.8743163645652,250-500 m,19.2125827,-98.37787272,,,,PUBLICIDAD Y TEXTILES Santa Ana Xalmimilulco Huejotzingo Puebla Google Maps,PUBLICIDAD Y TEXTILES Santa Ana Xalmimilulco Huejotzingo Puebla textil mezclilla maquila lavanderia tintoreria confeccion taller,,sin evidencia suficiente; requiere revision manual,sin evidencia suficiente; requiere revision manual,revisar,manual,,publicidad y textiles 323119 textiles agebs xalmimilulco,xalmimilulco,Santa Ana Xalmimilulco,Huejotzingo,auditoria_revisar_xalmimilulco_enriquecida.csv,265.8743163645652,"id, clee, nombre_de_la_unidad_economica, codigo_de_la_clase_actividad_scian, source_folder, categoria_relevancia_ambiental, palabras_clave_detectadas, distancia_hidrografia_m, rango_distancia_hidrografia, latitud, longitud, categoria_auditada, notas_auditoria"
10262715,21074313310000111000000000U0,IMPRESOS EN SERVILLETAS PARA RECUERDO,313310,agebs\xalmimilulco,revisar,,269.3770385016121,250-500 m,19.21216914,-98.38222036,,,,IMPRESOS EN SERVILLETAS PARA RECUERDO Santa Ana Xalmimilulco Huejotzingo Puebla Google Maps,IMPRESOS EN SERVILLETAS PARA RECUERDO Santa Ana Xalmimilulco Huejotzingo Puebla textil mezclilla maquila lavanderia tintoreria confeccion taller,,sin evidencia suficiente; requiere revision manual,sin evidencia suficiente; requiere revision manual,revisar,manual,,impresos en servilletas para recuerdo 313310 nan agebs xalmimilulco,xalmimilulco,Santa Ana Xalmimilulco,Huejotzingo,auditoria_revisar_xalmimilulco_enriquecida.csv,269.3770385016121,"id, clee, nombre_de_la_unidad_economica, codigo_de_la_clase_actividad_scian, source_folder, categoria_relevancia_ambiental, palabras_clave_detectadas, distancia_hidrografia_m, rango_distancia_hidrografia, latitud, longitud, categoria_auditada, notas_auditoria"
10416578,21074315229002972000000000U3,MAQUILLADORA SIN NOMBRE,315229,agebs\xalmimilulco,revisar,,285.1506900481369,250-500 m,19.21669662,-98.38173764,,,,MAQUILLADORA SIN NOMBRE Santa Ana Xalmimilulco Huejotzingo Puebla Google Maps,MAQUILLADORA SIN NOMBRE Santa Ana Xalmimilulco Huejotzingo Puebla textil mezclilla maquila lavanderia tintoreria confeccion taller,,sin evidencia suficiente; requiere revision manual,sin evidencia suficiente; requiere revision manual,revisar,manual,,maquilladora sin nombre 315229 nan agebs xalmimilulco,xalmimilulco,Santa Ana Xalmimilulco,Huejotzingo,auditoria_revisar_xalmimilulco_enriquecida.csv,285.1506900481369,"id, clee, nombre_de_la_unidad_economica, codigo_de_la_clase_actividad_scian, source_folder, categoria_relevancia_ambiental, palabras_clave_detectadas, distancia_hidrografia_m, rango_distancia_hidrografia, latitud, longitud, categoria_auditada, notas_auditoria"
11467703,21074315229002382000000000U5,MAQUILLA JUAREZ,315229,agebs\xalmimilulco,revisar,,308.5892652494291,250-500 m,19.21384453,-98.38440646,,,,MAQUILLA JUAREZ Santa Ana Xalmimilulco Huejotzingo Puebla Google Maps,MAQUILLA JUAREZ Santa Ana Xalmimilulco Huejotzingo Puebla textil mezclilla maquila lavanderia tintoreria confeccion taller,,sin evidencia suficiente; requiere revision manual,sin evidencia suficiente; requiere revision manual,revisar,manual,,maquilla juarez 315229 nan agebs xalmimilulco,xalmimilulco,Santa Ana Xalmimilulco,Huejotzingo,auditoria_revisar_xalmimilulco_enriquecida.csv,308.5892652494291,"id, clee, nombre_de_la_unidad_economica, codigo_de_la_clase_actividad_scian, source_folder, categoria_relevancia_ambiental, palabras_clave_detectadas, distancia_hidrografia_m, rango_distancia_hidrografia, latitud, longitud, categoria_auditada, notas_auditoria"
3326133,21074315229001451000000000U9,DESEBRADO DE BLUSA SIN NOMBRE,315229,agebs\xalmimilulco,revisar,,318.9127687124768,250-500 m,19.2125903,-98.38502297,,,,DESEBRADO DE BLUSA SIN NOMBRE Santa Ana Xalmimilulco Huejotzingo Puebla Google Maps,DESEBRADO DE BLUSA SIN NOMBRE Santa Ana Xalmimilulco Huejotzingo Puebla textil mezclilla maquila lavanderia tintoreria confeccion taller,,sin evidencia suficiente; requiere revision manual,sin evidencia suficiente; requiere revision manual,revisar,manual,,desebrado de blusa sin nombre 315229 nan agebs xalmimilulco,xalmimilulco,Santa Ana Xalmimilulco,Huejotzingo,auditoria_revisar_xalmimilulco_enriquecida.csv,318.9127687124768,"id, clee, nombre_de_la_unidad_economica, codigo_de_la_clase_actividad_scian, source_folder, categoria_relevancia_ambiental, palabras_clave_detectadas, distancia_hidrografia_m, rango_distancia_hidrografia, latitud, longitud, categoria_auditada, notas_auditoria"
10451408,21074812210000861000000000U8,STONE LAV,812210,agebs\xalmimilulco,revisar,,473.2490792656064,250-500 m,19.21703648,-98.37353551,,,,STONE LAV Santa Ana Xalmimilulco Huejotzingo Puebla Google Maps,STONE LAV Santa Ana Xalmimilulco Huejotzingo Puebla textil mezclilla maquila lavanderia tintoreria confeccion taller,,sin evidencia suficiente; requiere revision manual,sin evidencia suficiente; requiere revision manual,revisar,manual,,stone lav 812210 nan agebs xalmimilulco,xalmimilulco,Santa Ana Xalmimilulco,Huejotzingo,auditoria_revisar_xalmimilulco_enriquecida.csv,473.2490792656064,"id, clee, nombre_de_la_unidad_economica, codigo_de_la_clase_actividad_scian, source_folder, categoria_relevancia_ambiental, palabras_clave_detectadas, distancia_hidrografia_m, rango_distancia_hidrografia, latitud, longitud, categoria_auditada, notas_auditoria"
10029125,21074315229002351000000000U0,MAQUILLA,315229,agebs\xalmimilulco,revisar,,479.441185287915,250-500 m,19.2128435,-98.38306201,,,,MAQUILLA Santa Ana Xalmimilulco Huejotzingo Puebla Google Maps,MAQUILLA Santa Ana Xalmimilulco Huejotzingo Puebla textil mezclilla maquila lavanderia tintoreria confeccion taller,,sin evidencia suficiente; requiere revision manual,sin evidencia suficiente; requiere revision manual,revisar,manual,,maquilla 315229 nan agebs xalmimilulco,xalmimilulco,Santa Ana Xalmimilulco,Huejotzingo,auditoria_revisar_xalmimilulco_enriquecida.csv,479.441185287915,"id, clee, nombre_de_la_unidad_economica, codigo_de_la_clase_actividad_scian, source_folder, categoria_relevancia_ambiental, palabras_clave_detectadas, distancia_hidrografia_m, rango_distancia_hidrografia, latitud, longitud, categoria_auditada, notas_auditoria"
10328922,21074315229002573000000000U9,MAQUILLADORA LOS HERMANOS,315229,agebs\xalmimilulco,revisar,,539.4682467103175,500-1000 m,19.21304187,-98.37809667,,,,MAQUILLADORA LOS HERMANOS Santa Ana Xalmimilulco Huejotzingo Puebla Google Maps,MAQUILLADORA LOS HERMANOS Santa Ana Xalmimilulco Huejotzingo Puebla textil mezclilla maquila lavanderia tintoreria confeccion taller,,sin evidencia suficiente; requiere revision manual,sin evidencia suficiente; requiere revision manual,revisar,manual,,maquilladora los hermanos 315229 nan agebs xalmimilulco,xalmimilulco,Santa Ana Xalmimilulco,Huejotzingo,auditoria_revisar_xalmimilulco_enriquecida.csv,539.4682467103175,"id, clee, nombre_de_la_unidad_economica, codigo_de_la_clase_actividad_scian, source_folder, categoria_relevancia_ambiental, palabras_clave_detectadas, distancia_hidrografia_m, rango_distancia_hidrografia, latitud, longitud, categoria_auditada, notas_auditoria"
11155463,21074315223000831000000000U6,BODEGA,315223,agebs\xalmimilulco,revisar,,569.6912550892471,500-1000 m,19.21128896,-98.37576557,,,,BODEGA Santa Ana Xalmimilulco Huejotzingo Puebla Google Maps,BODEGA Santa Ana Xalmimilulco Huejotzingo Puebla textil mezclilla maquila lavanderia tintoreria confeccion taller,,sin evidencia suficiente; requiere revision manual,sin evidencia suficiente; requiere revision manual,revisar,manual,,bodega 315223 nan agebs xalmimilulco,xalmimilulco,Santa Ana Xalmimilulco,Huejotzingo,auditoria_revisar_xalmimilulco_enriquecida.csv,569.6912550892471,"id, clee, nombre_de_la_unidad_economica, codigo_de_la_clase_actividad_scian, source_folder, categoria_relevancia_ambiental, palabras_clave_detectadas, distancia_hidrografia_m, rango_distancia_hidrografia, latitud, longitud, categoria_auditada, notas_auditoria"
9811409,21074315223001281000000000U3,VICTORIA LIRA LIRA,315229,agebs\xalmimilulco,revisar,,570.0656804310155,500-1000 m,19.20891569,-98.37730833,,,,VICTORIA LIRA LIRA Santa Ana Xalmimilulco Huejotzingo Puebla Google Maps,VICTORIA LIRA LIRA Santa Ana Xalmimilulco Huejotzingo Puebla textil mezclilla maquila lavanderia tintoreria confeccion taller,,sin evidencia suficiente; requiere revision manual,sin evidencia suficiente; requiere revision manual,revisar,manual,,victoria lira lira 315229 nan agebs xalmimilulco,xalmimilulco,Santa Ana Xalmimilulco,Huejotzingo,auditoria_revisar_xalmimilulco_enriquecida.csv,570.0656804310155,"id, clee, nombre_de_la_unidad_economica, codigo_de_la_clase_actividad_scian, source_folder, categoria_relevancia_ambiental, palabras_clave_detectadas, distancia_hidrografia_m, rango_distancia_hidrografia, latitud, longitud, categoria_auditada, notas_auditoria"
10752985,21074315223000963000000000U7,TERMINADO O PREPARADO,315229,agebs\xalmimilulco,revisar,,584.7360717864705,500-1000 m,19.2128111,-98.37686215,,,,TERMINADO O PREPARADO Santa Ana Xalmimilulco Huejotzingo Puebla Google Maps,TERMINADO O PREPARADO Santa Ana Xalmimilulco Huejotzingo Puebla textil mezclilla maquila lavanderia tintoreria confeccion taller,,sin evidencia suficiente; requiere revision manual,sin evidencia suficiente; requiere revision manual,revisar,manual,,terminado o preparado 315229 nan agebs xalmimilulco,xalmimilulco,Santa Ana Xalmimilulco,Huejotzingo,auditoria_revisar_xalmimilulco_enriquecida.csv,584.7360717864705,"id, clee, nombre_de_la_unidad_economica, codigo_de_la_clase_actividad_scian, source_folder, categoria_relevancia_ambiental, palabras_clave_detectadas, distancia_hidrografia_m, rango_distancia_hidrografia, latitud, longitud, categoria_auditada, notas_auditoria"
6379033,21074313112000046000000000U8,ESPINTEX,313112,agebs\xalmimilulco,revisar,,593.4966910621499,500-1000 m,19.20632358,-98.41085379,,,,ESPINTEX Santa Ana Xalmimilulco Huejotzingo Puebla Google Maps,ESPINTEX Santa Ana Xalmimilulco Huejotzingo Puebla textil mezclilla maquila lavanderia tintoreria confeccion taller,,sin evidencia suficiente; requiere revision manual,sin evidencia suficiente; requiere revision manual,revisar,manual,,espintex 313112 nan agebs xalmimilulco,xalmimilulco,Santa Ana Xalmimilulco,Huejotzingo,auditoria_revisar_xalmimilulco_enriquecida.csv,593.4966910621499,"id, clee, nombre_de_la_unidad_economica, codigo_de_la_clase_actividad_scian, source_folder, categoria_relevancia_ambiental, palabras_clave_detectadas, distancia_hidrografia_m, rango_distancia_hidrografia, latitud, longitud, categoria_auditada, notas_auditoria"
3427871,21074812210000202021000000U5,PEGADO DE PRESILLA SIN NOMBRE,315123,agebs\xalmimilulco,revisar,,603.9602257941615,500-1000 m,19.21221675,-98.38532579,,,,PEGADO DE PRESILLA SIN NOMBRE Santa Ana Xalmimilulco Huejotzingo Puebla Google Maps,PEGADO DE PRESILLA SIN NOMBRE Santa Ana Xalmimilulco Huejotzingo Puebla textil mezclilla maquila lavanderia tintoreria confeccion taller,,sin evidencia suficiente; requiere revision manual,sin evidencia suficiente; requiere revision manual,revisar,manual,,pegado de presilla sin nombre 315123 nan agebs xalmimilulco,xalmimilulco,Santa Ana Xalmimilulco,Huejotzingo,auditoria_revisar_xalmimilulco_enriquecida.csv,603.9602257941615,"id, clee, nombre_de_la_unidad_economica, codigo_de_la_clase_actividad_scian, source_folder, categoria_relevancia_ambiental, palabras_clave_detectadas, distancia_hidrografia_m, rango_distancia_hidrografia, latitud, longitud, categoria_auditada, notas_auditoria"
10122585,21074315223000971000000000U0,ALEJANDRO GARITA JUAREZ,315229,agebs\xalmimilulco,revisar,,621.7510594629101,500-1000 m,19.2090004,-98.37746816,,,,ALEJANDRO GARITA JUAREZ Santa Ana Xalmimilulco Huejotzingo Puebla Google Maps,ALEJANDRO GARITA JUAREZ Santa Ana Xalmimilulco Huejotzingo Puebla textil mezclilla maquila lavanderia tintoreria confeccion taller,,sin evidencia suficiente; requiere revision manual,sin evidencia suficiente; requiere revision manual,revisar,manual,,alejandro garita juarez 315229 nan agebs xalmimilulco,xalmimilulco,Santa Ana Xalmimilulco,Huejotzingo,auditoria_revisar_xalmimilulco_enriquecida.csv,621.7510594629101,"id, clee, nombre_de_la_unidad_economica, codigo_de_la_clase_actividad_scian, source_folder, categoria_relevancia_ambiental, palabras_clave_detectadas, distancia_hidrografia_m, rango_distancia_hidrografia, latitud, longitud, categoria_auditada, notas_auditoria"
10815242,21074315229002311000000000U4,MAQUILLADORA SIN NOMBRE,315229,agebs\xalmimilulco,revisar,,622.2353632479285,500-1000 m,19.21263001,-98.38327724,,,,MAQUILLADORA SIN NOMBRE Santa Ana Xalmimilulco Huejotzingo Puebla Google Maps,MAQUILLADORA SIN NOMBRE Santa Ana Xalmimilulco Huejotzingo Puebla textil mezclilla maquila lavanderia tintoreria confeccion taller,,sin evidencia suficiente; requiere revision manual,sin evidencia suficiente; requiere revision manual,revisar,manual,,maquilladora sin nombre 315229 nan agebs xalmimilulco,xalmimilulco,Santa Ana Xalmimilulco,Huejotzingo,auditoria_revisar_xalmimilulco_enriquecida.csv,622.2353632479285,"id, clee, nombre_de_la_unidad_economica, codigo_de_la_clase_actividad_scian, source_folder, categoria_relevancia_ambiental, palabras_clave_detectadas, distancia_hidrografia_m, rango_distancia_hidrografia, latitud, longitud, categoria_auditada, notas_auditoria"
9650425,21074315229002291000000000U8,MAQUILLA,315229,agebs\xalmimilulco,revisar,,631.591902784276,500-1000 m,19.2140568,-98.38573989,,,,MAQUILLA Santa Ana Xalmimilulco Huejotzingo Puebla Google Maps,MAQUILLA Santa Ana Xalmimilulco Huejotzingo Puebla textil mezclilla maquila lavanderia tintoreria confeccion taller,,sin evidencia suficiente; requiere revision manual,sin evidencia suficiente; requiere revision manual,revisar,manual,,maquilla 315229 nan agebs xalmimilulco,xalmimilulco,Santa Ana Xalmimilulco,Huejotzingo,auditoria_revisar_xalmimilulco_enriquecida.csv,631.591902784276,"id, clee, nombre_de_la_unidad_economica, codigo_de_la_clase_actividad_scian, source_folder, categoria_relevancia_ambiental, palabras_clave_detectadas, distancia_hidrografia_m, rango_distancia_hidrografia, latitud, longitud, categoria_auditada, notas_auditoria"
10516759,21074315229002271000000000U0,MAQUILLA V SIN NOMBRE,315229,agebs\xalmimilulco,revisar,,694.5925535470122,500-1000 m,19.21551587,-98.38534479,,,,MAQUILLA V SIN NOMBRE Santa Ana Xalmimilulco Huejotzingo Puebla Google Maps,MAQUILLA V SIN NOMBRE Santa Ana Xalmimilulco Huejotzingo Puebla textil mezclilla maquila lavanderia tintoreria confeccion taller,,sin evidencia suficiente; requiere revision manual,sin evidencia suficiente; requiere revision manual,revisar,manual,,maquilla v sin nombre 315229 nan agebs xalmimilulco,xalmimilulco,Santa Ana Xalmimilulco,Huejotzingo,auditoria_revisar_xalmimilulco_enriquecida.csv,694.5925535470122,"id, clee, nombre_de_la_unidad_economica, codigo_de_la_clase_actividad_scian, source_folder, categoria_relevancia_ambiental, palabras_clave_detectadas, distancia_hidrografia_m, rango_distancia_hidrografia, latitud, longitud, categoria_auditada, notas_auditoria"
11198278,21074315223001051000000000U0,PRETINADOR,315223,agebs\xalmimilulco,revisar,,720.0340707723245,500-1000 m,19.20994035,-98.37729157,,,,PRETINADOR Santa Ana Xalmimilulco Huejotzingo Puebla Google Maps,PRETINADOR Santa Ana Xalmimilulco Huejotzingo Puebla textil mezclilla maquila lavanderia tintoreria confeccion taller,,sin evidencia suficiente; requiere revision manual,sin evidencia suficiente; requiere revision manual,revisar,manual,,pretinador 315223 nan agebs xalmimilulco,xalmimilulco,Santa Ana Xalmimilulco,Huejotzingo,auditoria_revisar_xalmimilulco_enriquecida.csv,720.0340707723245,"id, clee, nombre_de_la_unidad_economica, codigo_de_la_clase_actividad_scian, source_folder, categoria_relevancia_ambiental, palabras_clave_detectadas, distancia_hidrografia_m, rango_distancia_hidrografia, latitud, longitud, categoria_auditada, notas_auditoria"
11183668,21074812210000251000000000U2,BODEGA DE DESPERDICIO,812210,agebs\xalmimilulco,revisar,,750.8931252658,500-1000 m,19.2111932,-98.37746045,,,,BODEGA DE DESPERDICIO Santa Ana Xalmimilulco Huejotzingo Puebla Google Maps,BODEGA DE DESPERDICIO Santa Ana Xalmimilulco Huejotzingo Puebla textil mezclilla maquila lavanderia tintoreria confeccion taller,,sin evidencia suficiente; requiere revision manual,sin evidencia suficiente; requiere revision manual,revisar,manual,,bodega de desperdicio 812210 nan agebs xalmimilulco,xalmimilulco,Santa Ana Xalmimilulco,Huejotzingo,auditoria_revisar_xalmimilulco_enriquecida.csv,750.8931252658,"id, clee, nombre_de_la_unidad_economica, codigo_de_la_clase_actividad_scian, source_folder, categoria_relevancia_ambiental, palabras_clave_detectadas, distancia_hidrografia_m, rango_distancia_hidrografia, latitud, longitud, categoria_auditada, notas_auditoria"
11081907,21074812210000921000000000U0,BODEGA SIN NOMBRE,812210,agebs\xalmimilulco,revisar,,751.7410027638481,500-1000 m,19.21328834,-98.37489147,,,,BODEGA SIN NOMBRE Santa Ana Xalmimilulco Huejotzingo Puebla Google Maps,BODEGA SIN NOMBRE Santa Ana Xalmimilulco Huejotzingo Puebla textil mezclilla maquila lavanderia tintoreria confeccion taller,,sin evidencia suficiente; requiere revision manual,sin evidencia suficiente; requiere revision manual,revisar,manual,,bodega sin nombre 812210 nan agebs xalmimilulco,xalmimilulco,Santa Ana Xalmimilulco,Huejotzingo,auditoria_revisar_xalmimilulco_enriquecida.csv,751.7410027638481,"id, clee, nombre_de_la_unidad_economica, codigo_de_la_clase_actividad_scian, source_folder, categoria_relevancia_ambiental, palabras_clave_detectadas, distancia_hidrografia_m, rango_distancia_hidrografia, latitud, longitud, categoria_auditada, notas_auditoria"
9800677,21074315229002321000000000U3,MARQUILLA SIN NOMBRE,315229,agebs\xalmimilulco,revisar,,762.7008696898173,500-1000 m,19.21545438,-98.38702133,,,,MARQUILLA SIN NOMBRE Santa Ana Xalmimilulco Huejotzingo Puebla Google Maps,MARQUILLA SIN NOMBRE Santa Ana Xalmimilulco Huejotzingo Puebla textil mezclilla maquila lavanderia tintoreria confeccion taller,,sin evidencia suficiente; requiere revision manual,sin evidencia suficiente; requiere revision manual,revisar,manual,,marquilla sin nombre 315229 nan agebs xalmimilulco,xalmimilulco,Santa Ana Xalmimilulco,Huejotzingo,auditoria_revisar_xalmimilulco_enriquecida.csv,762.7008696898173,"id, clee, nombre_de_la_unidad_economica, codigo_de_la_clase_actividad_scian, source_folder, categoria_relevancia_ambiental, palabras_clave_detectadas, distancia_hidrografia_m, rango_distancia_hidrografia, latitud, longitud, categoria_auditada, notas_auditoria"
10724349,21074315229002943000000000U4,LIDER CORDOBA,315229,agebs\xalmimilulco,revisar,,768.6046150289957,500-1000 m,19.21018665,-98.3815298,,,,LIDER CORDOBA Santa Ana Xalmimilulco Huejotzingo Puebla Google Maps,LIDER CORDOBA Santa Ana Xalmimilulco Huejotzingo Puebla textil mezclilla maquila lavanderia tintoreria confeccion taller,,sin evidencia suficiente; requiere revision manual,sin evidencia suficiente; requiere revision manual,revisar,manual,,lider cordoba 315229 nan agebs xalmimilulco,xalmimilulco,Santa Ana Xalmimilulco,Huejotzingo,auditoria_revisar_xalmimilulco_enriquecida.csv,768.6046150289957,"id, clee, nombre_de_la_unidad_economica, codigo_de_la_clase_actividad_scian, source_folder, categoria_relevancia_ambiental, palabras_clave_detectadas, distancia_hidrografia_m, rango_distancia_hidrografia, latitud, longitud, categoria_auditada, notas_auditoria"
8089451,21074315229001901000000000U3,DESEBRADORA SIN NOMBRE,315229,agebs\xalmimilulco,revisar,,771.2905131649126,500-1000 m,19.20447416,-98.38030722,,,,DESEBRADORA SIN NOMBRE Santa Ana Xalmimilulco Huejotzingo Puebla Google Maps,DESEBRADORA SIN NOMBRE Santa Ana Xalmimilulco Huejotzingo Puebla textil mezclilla maquila lavanderia tintoreria confeccion taller,,sin evidencia suficiente; requiere revision manual,sin evidencia suficiente; requiere revision manual,revisar,manual,,desebradora sin nombre 315229 nan agebs xalmimilulco,xalmimilulco,Santa Ana Xalmimilulco,Huejotzingo,auditoria_revisar_xalmimilulco_enriquecida.csv,771.2905131649126,"id, clee, nombre_de_la_unidad_economica, codigo_de_la_clase_actividad_scian, source_folder, categoria_relevancia_ambiental, palabras_clave_detectadas, distancia_hidrografia_m, rango_distancia_hidrografia, latitud, longitud, categoria_auditada, notas_auditoria"
10105987,21074314120000061000000000U9,MONICA SANDOVAL JUAREZ,314120,agebs\xalmimilulco,revisar,,771.4701198545295,500-1000 m,19.21205382,-98.3812411,,,,MONICA SANDOVAL JUAREZ Santa Ana Xalmimilulco Huejotzingo Puebla Google Maps,MONICA SANDOVAL JUAREZ Santa Ana Xalmimilulco Huejotzingo Puebla textil mezclilla maquila lavanderia tintoreria confeccion taller,,sin evidencia suficiente; requiere revision manual,sin evidencia suficiente; requiere revision manual,revisar,manual,,monica sandoval juarez 314120 nan agebs xalmimilulco,xalmimilulco,Santa Ana Xalmimilulco,Huejotzingo,auditoria_revisar_xalmimilulco_enriquecida.csv,771.4701198545295,"id, clee, nombre_de_la_unidad_economica, codigo_de_la_clase_actividad_scian, source_folder, categoria_relevancia_ambiental, palabras_clave_detectadas, distancia_hidrografia_m, rango_distancia_hidrografia, latitud, longitud, categoria_auditada, notas_auditoria"
10541104,21074315229002441000000000U9,MAQUILLA SIN NOMBRE,315229,agebs\xalmimilulco,revisar,,780.3252648989182,500-1000 m,19.21509667,-98.38405092,,,,MAQUILLA SIN NOMBRE Santa Ana Xalmimilulco Huejotzingo Puebla Google Maps,MAQUILLA SIN NOMBRE Santa Ana Xalmimilulco Huejotzingo Puebla textil mezclilla maquila lavanderia tintoreria confeccion taller,,sin evidencia suficiente; requiere revision manual,sin evidencia suficiente; requiere revision manual,revisar,manual,,maquilla sin nombre 315229 nan agebs xalmimilulco,xalmimilulco,Santa Ana Xalmimilulco,Huejotzingo,auditoria_revisar_xalmimilulco_enriquecida.csv,780.3252648989182,"id, clee, nombre_de_la_unidad_economica, codigo_de_la_clase_actividad_scian, source_folder, categoria_relevancia_ambiental, palabras_clave_detectadas, distancia_hidrografia_m, rango_distancia_hidrografia, latitud, longitud, categoria_auditada, notas_auditoria"
11521781,21074315229002362000000000U7,MAQUILLADORA,315229,agebs\xalmimilulco,revisar,,782.9798444381723,500-1000 m,19.21535967,-98.38111473,,,,MAQUILLADORA Santa Ana Xalmimilulco Huejotzingo Puebla Google Maps,MAQUILLADORA Santa Ana Xalmimilulco Huejotzingo Puebla textil mezclilla maquila lavanderia tintoreria confeccion taller,,sin evidencia suficiente; requiere revision manual,sin evidencia suficiente; requiere revision manual,revisar,manual,,maquilladora 315229 nan agebs xalmimilulco,xalmimilulco,Santa Ana Xalmimilulco,Huejotzingo,auditoria_revisar_xalmimilulco_enriquecida.csv,782.9798444381723,"id, clee, nombre_de_la_unidad_economica, codigo_de_la_clase_actividad_scian, source_folder, categoria_relevancia_ambiental, palabras_clave_detectadas, distancia_hidrografia_m, rango_distancia_hidrografia, latitud, longitud, categoria_auditada, notas_auditoria"
10687795,21074315229002672000000000U9,MAQUILLA SIN NOMBRE,315229,agebs\xalmimilulco,revisar,,803.1305639115176,500-1000 m,19.21436984,-98.38784587,,,,MAQUILLA SIN NOMBRE Santa Ana Xalmimilulco Huejotzingo Puebla Google Maps,MAQUILLA SIN NOMBRE Santa Ana Xalmimilulco Huejotzingo Puebla textil mezclilla maquila lavanderia tintoreria confeccion taller,,sin evidencia suficiente; requiere revision manual,sin evidencia suficiente; requiere revision manual,revisar,manual,,maquilla sin nombre 315229 nan agebs xalmimilulco,xalmimilulco,Santa Ana Xalmimilulco,Huejotzingo,auditoria_revisar_xalmimilulco_enriquecida.csv,803.1305639115176,"id, clee, nombre_de_la_unidad_economica, codigo_de_la_clase_actividad_scian, source_folder, categoria_relevancia_ambiental, palabras_clave_detectadas, distancia_hidrografia_m, rango_distancia_hidrografia, latitud, longitud, categoria_auditada, notas_auditoria"
9730300,21074315223001162000000000U5,TERMINADO,315229,agebs\xalmimilulco,revisar,,804.258787262092,500-1000 m,19.2143018,-98.3786737,,,,TERMINADO Santa Ana Xalmimilulco Huejotzingo Puebla Google Maps,TERMINADO Santa Ana Xalmimilulco Huejotzingo Puebla textil mezclilla maquila lavanderia tintoreria confeccion taller,,sin evidencia suficiente; requiere revision manual,sin evidencia suficiente; requiere revision manual,revisar,manual,,terminado 315229 nan agebs xalmimilulco,xalmimilulco,Santa Ana Xalmimilulco,Huejotzingo,auditoria_revisar_xalmimilulco_enriquecida.csv,804.258787262092,"id, clee, nombre_de_la_unidad_economica, codigo_de_la_clase_actividad_scian, source_folder, categoria_relevancia_ambiental, palabras_clave_detectadas, distancia_hidrografia_m, rango_distancia_hidrografia, latitud, longitud, categoria_auditada, notas_auditoria"
10939082,21074315223001191000000000U4,CREACIONES MARY,315223,agebs\xalmimilulco,revisar,,810.8405367842789,500-1000 m,19.21147172,-98.38285654,,,,CREACIONES MARY Santa Ana Xalmimilulco Huejotzingo Puebla Google Maps,CREACIONES MARY Santa Ana Xalmimilulco Huejotzingo Puebla textil mezclilla maquila lavanderia tintoreria confeccion taller,,sin evidencia suficiente; requiere revision manual,sin evidencia suficiente; requiere revision manual,revisar,manual,,creaciones mary 315223 nan agebs xalmimilulco,xalmimilulco,Santa Ana Xalmimilulco,Huejotzingo,auditoria_revisar_xalmimilulco_enriquecida.csv,810.8405367842789,"id, clee, nombre_de_la_unidad_economica, codigo_de_la_clase_actividad_scian, source_folder, categoria_relevancia_ambiental, palabras_clave_detectadas, distancia_hidrografia_m, rango_distancia_hidrografia, latitud, longitud, categoria_auditada, notas_auditoria"
10122074,21074315229000271000000000U2,MAQUILLADORA SIN NOMBRE,315229,agebs\xalmimilulco,revisar,,824.6893186433564,500-1000 m,19.21349943,-98.38328084,,,,MAQUILLADORA SIN NOMBRE Santa Ana Xalmimilulco Huejotzingo Puebla Google Maps,MAQUILLADORA SIN NOMBRE Santa Ana Xalmimilulco Huejotzingo Puebla textil mezclilla maquila lavanderia tintoreria confeccion taller,,sin evidencia suficiente; requiere revision manual,sin evidencia suficiente; requiere revision manual,revisar,manual,,maquilladora sin nombre 315229 nan agebs xalmimilulco,xalmimilulco,Santa Ana Xalmimilulco,Huejotzingo,auditoria_revisar_xalmimilulco_enriquecida.csv,824.6893186433564,"id, clee, nombre_de_la_unidad_economica, codigo_de_la_clase_actividad_scian, source_folder, categoria_relevancia_ambiental, palabras_clave_detectadas, distancia_hidrografia_m, rango_distancia_hidrografia, latitud, longitud, categoria_auditada, notas_auditoria"
11099113,21074812210000911000000000U1,PLANCHAS JOCA,812210,agebs\xalmimilulco,revisar,,880.5440451587393,500-1000 m,19.20723769,-98.38926716,,,,PLANCHAS JOCA Santa Ana Xalmimilulco Huejotzingo Puebla Google Maps,PLANCHAS JOCA Santa Ana Xalmimilulco Huejotzingo Puebla textil mezclilla maquila lavanderia tintoreria confeccion taller,,sin evidencia suficiente; requiere revision manual,sin evidencia suficiente; requiere revision manual,revisar,manual,,planchas joca 812210 nan agebs xalmimilulco,xalmimilulco,Santa Ana Xalmimilulco,Huejotzingo,auditoria_revisar_xalmimilulco_enriquecida.csv,880.5440451587393,"id, clee, nombre_de_la_unidad_economica, codigo_de_la_clase_actividad_scian, source_folder, categoria_relevancia_ambiental, palabras_clave_detectadas, distancia_hidrografia_m, rango_distancia_hidrografia, latitud, longitud, categoria_auditada, notas_auditoria"
11084020,21074315229002962000000000U4,MAQUILLADORA SIN NOMBRE,315229,agebs\xalmimilulco,revisar,,897.6699383052924,500-1000 m,19.21521207,-98.38252041,,,,MAQUILLADORA SIN NOMBRE Santa Ana Xalmimilulco Huejotzingo Puebla Google Maps,MAQUILLADORA SIN NOMBRE Santa Ana Xalmimilulco Huejotzingo Puebla textil mezclilla maquila lavanderia tintoreria confeccion taller,,sin evidencia suficiente; requiere revision manual,sin evidencia suficiente; requiere revision manual,revisar,manual,,maquilladora sin nombre 315229 nan agebs xalmimilulco,xalmimilulco,Santa Ana Xalmimilulco,Huejotzingo,auditoria_revisar_xalmimilulco_enriquecida.csv,897.6699383052924,"id, clee, nombre_de_la_unidad_economica, codigo_de_la_clase_actividad_scian, source_folder, categoria_relevancia_ambiental, palabras_clave_detectadas, distancia_hidrografia_m, rango_distancia_hidrografia, latitud, longitud, categoria_auditada, notas_auditoria"
6861846,21074812210000364001000000U3,STONE LAV,812210,agebs\xalmimilulco,revisar,,913.596503634522,500-1000 m,19.21707716,-98.37347932,,,,STONE LAV Santa Ana Xalmimilulco Huejotzingo Puebla Google Maps,STONE LAV Santa Ana Xalmimilulco Huejotzingo Puebla textil mezclilla maquila lavanderia tintoreria confeccion taller,,sin evidencia suficiente; requiere revision manual,sin evidencia suficiente; requiere revision manual,revisar,manual,,stone lav 812210 nan agebs xalmimilulco,xalmimilulco,Santa Ana Xalmimilulco,Huejotzingo,auditoria_revisar_xalmimilulco_enriquecida.csv,913.596503634522,"id, clee, nombre_de_la_unidad_economica, codigo_de_la_clase_actividad_scian, source_folder, categoria_relevancia_ambiental, palabras_clave_detectadas, distancia_hidrografia_m, rango_distancia_hidrografia, latitud, longitud, categoria_auditada, notas_auditoria"
10500192,21074315229002261000000000U1,MAQUILLA,315229,agebs\xalmimilulco,revisar,,933.1239169023728,500-1000 m,19.21399223,-98.38297451,,,,MAQUILLA Santa Ana Xalmimilulco Huejotzingo Puebla Google Maps,MAQUILLA Santa Ana Xalmimilulco Huejotzingo Puebla textil mezclilla maquila lavanderia tintoreria confeccion taller,,sin evidencia suficiente; requiere revision manual,sin evidencia suficiente; requiere revision manual,revisar,manual,,maquilla 315229 nan agebs xalmimilulco,xalmimilulco,Santa Ana Xalmimilulco,Huejotzingo,auditoria_revisar_xalmimilulco_enriquecida.csv,933.1239169023728,"id, clee, nombre_de_la_unidad_economica, codigo_de_la_clase_actividad_scian, source_folder, categoria_relevancia_ambiental, palabras_clave_detectadas, distancia_hidrografia_m, rango_distancia_hidrografia, latitud, longitud, categoria_auditada, notas_auditoria"
10401755,21074315229002801000000000U4,PASIFIC BRASH,315229,agebs\xalmimilulco,revisar,,936.8204212801002,500-1000 m,19.21007941,-98.38101726,,,,PASIFIC BRASH Santa Ana Xalmimilulco Huejotzingo Puebla Google Maps,PASIFIC BRASH Santa Ana Xalmimilulco Huejotzingo Puebla textil mezclilla maquila lavanderia tintoreria confeccion taller,,sin evidencia suficiente; requiere revision manual,sin evidencia suficiente; requiere revision manual,revisar,manual,,pasific brash 315229 nan agebs xalmimilulco,xalmimilulco,Santa Ana Xalmimilulco,Huejotzingo,auditoria_revisar_xalmimilulco_enriquecida.csv,936.8204212801002,"id, clee, nombre_de_la_unidad_economica, codigo_de_la_clase_actividad_scian, source_folder, categoria_relevancia_ambiental, palabras_clave_detectadas, distancia_hidrografia_m, rango_distancia_hidrografia, latitud, longitud, categoria_auditada, notas_auditoria"
11313187,21074315229002392000000000U4,MAQUILLADORA SOMBRE,315229,agebs\xalmimilulco,revisar,,943.4025828255662,500-1000 m,19.21339607,-98.38622131,,,,MAQUILLADORA SOMBRE Santa Ana Xalmimilulco Huejotzingo Puebla Google Maps,MAQUILLADORA SOMBRE Santa Ana Xalmimilulco Huejotzingo Puebla textil mezclilla maquila lavanderia tintoreria confeccion taller,,sin evidencia suficiente; requiere revision manual,sin evidencia suficiente; requiere revision manual,revisar,manual,,maquilladora sombre 315229 nan agebs xalmimilulco,xalmimilulco,Santa Ana Xalmimilulco,Huejotzingo,auditoria_revisar_xalmimilulco_enriquecida.csv,943.4025828255662,"id, clee, nombre_de_la_unidad_economica, codigo_de_la_clase_actividad_scian, source_folder, categoria_relevancia_ambiental, palabras_clave_detectadas, distancia_hidrografia_m, rango_distancia_hidrografia, latitud, longitud, categoria_auditada, notas_auditoria"
8089248,21074315229001771000000000U0,TERMINADO,315229,agebs\xalmimilulco,revisar,,964.2845008809292,500-1000 m,19.214406,-98.37765433,,,,TERMINADO Santa Ana Xalmimilulco Huejotzingo Puebla Google Maps,TERMINADO Santa Ana Xalmimilulco Huejotzingo Puebla textil mezclilla maquila lavanderia tintoreria confeccion taller,,sin evidencia suficiente; requiere revision manual,sin evidencia suficiente; requiere revision manual,revisar,manual,,terminado 315229 nan agebs xalmimilulco,xalmimilulco,Santa Ana Xalmimilulco,Huejotzingo,auditoria_revisar_xalmimilulco_enriquecida.csv,964.2845008809292,"id, clee, nombre_de_la_unidad_economica, codigo_de_la_clase_actividad_scian, source_folder, categoria_relevancia_ambiental, palabras_clave_detectadas, distancia_hidrografia_m, rango_distancia_hidrografia, latitud, longitud, categoria_auditada, notas_auditoria"
11221708,21074315223001071000000000U8,BOLSA TRACERA,315223,agebs\xalmimilulco,revisar,,972.2642240396456,500-1000 m,19.2130382,-98.37426874,,,,BOLSA TRACERA Santa Ana Xalmimilulco Huejotzingo Puebla Google Maps,BOLSA TRACERA Santa Ana Xalmimilulco Huejotzingo Puebla textil mezclilla maquila lavanderia tintoreria confeccion taller,,sin evidencia suficiente; requiere revision manual,sin evidencia suficiente; requiere revision manual,revisar,manual,,bolsa tracera 315223 nan agebs xalmimilulco,xalmimilulco,Santa Ana Xalmimilulco,Huejotzingo,auditoria_revisar_xalmimilulco_enriquecida.csv,972.2642240396456,"id, clee, nombre_de_la_unidad_economica, codigo_de_la_clase_actividad_scian, source_folder, categoria_relevancia_ambiental, palabras_clave_detectadas, distancia_hidrografia_m, rango_distancia_hidrografia, latitud, longitud, categoria_auditada, notas_auditoria"
9706371,21074315229002251000000000U2,JAVIER SANDOVAL CORDERO,315229,agebs\xalmimilulco,revisar,,978.5494663661344,500-1000 m,19.21211572,-98.38189756,,,,JAVIER SANDOVAL CORDERO Santa Ana Xalmimilulco Huejotzingo Puebla Google Maps,JAVIER SANDOVAL CORDERO Santa Ana Xalmimilulco Huejotzingo Puebla textil mezclilla maquila lavanderia tintoreria confeccion taller,,sin evidencia suficiente; requiere revision manual,sin evidencia suficiente; requiere revision manual,revisar,manual,,javier sandoval cordero 315229 nan agebs xalmimilulco,xalmimilulco,Santa Ana Xalmimilulco,Huejotzingo,auditoria_revisar_xalmimilulco_enriquecida.csv,978.5494663661344,"id, clee, nombre_de_la_unidad_economica, codigo_de_la_clase_actividad_scian, source_folder, categoria_relevancia_ambiental, palabras_clave_detectadas, distancia_hidrografia_m, rango_distancia_hidrografia, latitud, longitud, categoria_auditada, notas_auditoria"
11332144,21074315223000751000000000U6,TRABAJO DE OVER,315229,agebs\xalmimilulco,revisar,,1030.7624723848812,>1000 m,19.20708153,-98.37540259,,,,TRABAJO DE OVER Santa Ana Xalmimilulco Huejotzingo Puebla Google Maps,TRABAJO DE OVER Santa Ana Xalmimilulco Huejotzingo Puebla textil mezclilla maquila lavanderia tintoreria confeccion taller,,sin evidencia suficiente; requiere revision manual,sin evidencia suficiente; requiere revision manual,revisar,manual,,trabajo de over 315229 nan agebs xalmimilulco,xalmimilulco,Santa Ana Xalmimilulco,Huejotzingo,auditoria_revisar_xalmimilulco_enriquecida.csv,1030.7624723848812,"id, clee, nombre_de_la_unidad_economica, codigo_de_la_clase_actividad_scian, source_folder, categoria_relevancia_ambiental, palabras_clave_detectadas, distancia_hidrografia_m, rango_distancia_hidrografia, latitud, longitud, categoria_auditada, notas_auditoria"
9920113,21074812210000971000000000U5,PLANCHADO SIN NOMBRE,812210,agebs\xalmimilulco,revisar,,1059.1045315819692,>1000 m,19.21044099,-98.39010957,,,,PLANCHADO SIN NOMBRE Santa Ana Xalmimilulco Huejotzingo Puebla Google Maps,PLANCHADO SIN NOMBRE Santa Ana Xalmimilulco Huejotzingo Puebla textil mezclilla maquila lavanderia tintoreria confeccion taller,,sin evidencia suficiente; requiere revision manual,sin evidencia suficiente; requiere revision manual,revisar,manual,,planchado sin nombre 812210 nan agebs xalmimilulco,xalmimilulco,Santa Ana Xalmimilulco,Huejotzingo,auditoria_revisar_xalmimilulco_enriquecida.csv,1059.1045315819692,"id, clee, nombre_de_la_unidad_economica, codigo_de_la_clase_actividad_scian, source_folder, categoria_relevancia_ambiental, palabras_clave_detectadas, distancia_hidrografia_m, rango_distancia_hidrografia, latitud, longitud, categoria_auditada, notas_auditoria"
6378259,21074313320000017000000000U8,AUNDE MEXICO,313320,agebs\xalmimilulco,revisar,,1060.8624928779982,>1000 m,19.21664171,-98.41318695,,,,AUNDE MEXICO Santa Ana Xalmimilulco Huejotzingo Puebla Google Maps,AUNDE MEXICO Santa Ana Xalmimilulco Huejotzingo Puebla textil mezclilla maquila lavanderia tintoreria confeccion taller,,sin evidencia suficiente; requiere revision manual,sin evidencia suficiente; requiere revision manual,revisar,manual,,aunde mexico 313320 nan agebs xalmimilulco,xalmimilulco,Santa Ana Xalmimilulco,Huejotzingo,auditoria_revisar_xalmimilulco_enriquecida.csv,1060.8624928779982,"id, clee, nombre_de_la_unidad_economica, codigo_de_la_clase_actividad_scian, source_folder, categoria_relevancia_ambiental, palabras_clave_detectadas, distancia_hidrografia_m, rango_distancia_hidrografia, latitud, longitud, categoria_auditada, notas_auditoria"
9877804,21074315229002611000000000U7,MAQUILLA,315229,agebs\xalmimilulco,revisar,,1075.282610630078,>1000 m,19.21343595,-98.38213862,,,,MAQUILLA Santa Ana Xalmimilulco Huejotzingo Puebla Google Maps,MAQUILLA Santa Ana Xalmimilulco Huejotzingo Puebla textil mezclilla maquila lavanderia tintoreria confeccion taller,,sin evidencia suficiente; requiere revision manual,sin evidencia suficiente; requiere revision manual,revisar,manual,,maquilla 315229 nan agebs xalmimilulco,xalmimilulco,Santa Ana Xalmimilulco,Huejotzingo,auditoria_revisar_xalmimilulco_enriquecida.csv,1075.282610630078,"id, clee, nombre_de_la_unidad_economica, codigo_de_la_clase_actividad_scian, source_folder, categoria_relevancia_ambiental, palabras_clave_detectadas, distancia_hidrografia_m, rango_distancia_hidrografia, latitud, longitud, categoria_auditada, notas_auditoria"
9804661,21074315229002591000000000U1,MAQUILLA SIN NOMBRE,315229,agebs\xalmimilulco,revisar,,1081.3592548552456,>1000 m,19.21433021,-98.38261209,,,,MAQUILLA SIN NOMBRE Santa Ana Xalmimilulco Huejotzingo Puebla Google Maps,MAQUILLA SIN NOMBRE Santa Ana Xalmimilulco Huejotzingo Puebla textil mezclilla maquila lavanderia tintoreria confeccion taller,,sin evidencia suficiente; requiere revision manual,sin evidencia suficiente; requiere revision manual,revisar,manual,,maquilla sin nombre 315229 nan agebs xalmimilulco,xalmimilulco,Santa Ana Xalmimilulco,Huejotzingo,auditoria_revisar_xalmimilulco_enriquecida.csv,1081.3592548552456,"id, clee, nombre_de_la_unidad_economica, codigo_de_la_clase_actividad_scian, source_folder, categoria_relevancia_ambiental, palabras_clave_detectadas, distancia_hidrografia_m, rango_distancia_hidrografia, latitud, longitud, categoria_auditada, notas_auditoria"
10623693,21074315223000671000000000U6,PRESILLA,315229,agebs\xalmimilulco,revisar,,1112.2638408197286,>1000 m,19.21687474,-98.37430582,,,,PRESILLA Santa Ana Xalmimilulco Huejotzingo Puebla Google Maps,PRESILLA Santa Ana Xalmimilulco Huejotzingo Puebla textil mezclilla maquila lavanderia tintoreria confeccion taller,,sin evidencia suficiente; requiere revision manual,sin evidencia suficiente; requiere revision manual,revisar,manual,,presilla 315229 nan agebs xalmimilulco,xalmimilulco,Santa Ana Xalmimilulco,Huejotzingo,auditoria_revisar_xalmimilulco_enriquecida.csv,1112.2638408197286,"id, clee, nombre_de_la_unidad_economica, codigo_de_la_clase_actividad_scian, source_folder, categoria_relevancia_ambiental, palabras_clave_detectadas, distancia_hidrografia_m, rango_distancia_hidrografia, latitud, longitud, categoria_auditada, notas_auditoria"
3428329,21074812210000243010000000U9,POLIPROCESO,313310,agebs\xalmimilulco,revisar,,1172.2966924090542,>1000 m,19.21009567,-98.37624609,,,,POLIPROCESO Santa Ana Xalmimilulco Huejotzingo Puebla Google Maps,POLIPROCESO Santa Ana Xalmimilulco Huejotzingo Puebla textil mezclilla maquila lavanderia tintoreria confeccion taller,,sin evidencia suficiente; requiere revision manual,sin evidencia suficiente; requiere revision manual,revisar,manual,,poliproceso 313310 nan agebs xalmimilulco,xalmimilulco,Santa Ana Xalmimilulco,Huejotzingo,auditoria_revisar_xalmimilulco_enriquecida.csv,1172.2966924090542,"id, clee, nombre_de_la_unidad_economica, codigo_de_la_clase_actividad_scian, source_folder, categoria_relevancia_ambiental, palabras_clave_detectadas, distancia_hidrografia_m, rango_distancia_hidrografia, latitud, longitud, categoria_auditada, notas_auditoria"
11382766,21074315229002732000000000U1,ARTEMIO GARCIA SERRANO,315229,agebs\xalmimilulco,revisar,,1255.8400236285197,>1000 m,19.21129201,-98.38151913,,,,ARTEMIO GARCIA SERRANO Santa Ana Xalmimilulco Huejotzingo Puebla Google Maps,ARTEMIO GARCIA SERRANO Santa Ana Xalmimilulco Huejotzingo Puebla textil mezclilla maquila lavanderia tintoreria confeccion taller,,sin evidencia suficiente; requiere revision manual,sin evidencia suficiente; requiere revision manual,revisar,manual,,artemio garcia serrano 315229 nan agebs xalmimilulco,xalmimilulco,Santa Ana Xalmimilulco,Huejotzingo,auditoria_revisar_xalmimilulco_enriquecida.csv,1255.8400236285197,"id, clee, nombre_de_la_unidad_economica, codigo_de_la_clase_actividad_scian, source_folder, categoria_relevancia_ambiental, palabras_clave_detectadas, distancia_hidrografia_m, rango_distancia_hidrografia, latitud, longitud, categoria_auditada, notas_auditoria"
9747796,21074313220000011000000000U3,MANUFACTURA DE ETIQUETA EN PIEL,313220,agebs\xalmimilulco,revisar,,1081.936037707714,>1000 m,19.21958272,-98.37372357,,,,MANUFACTURA DE ETIQUETA EN PIEL Santa Ana Xalmimilulco Huejotzingo Puebla Google Maps,MANUFACTURA DE ETIQUETA EN PIEL Santa Ana Xalmimilulco Huejotzingo Puebla textil maquila confeccion taller,media: manufactura,posible proceso productivo textil sin evidencia humeda/quimica,posible proceso productivo textil sin evidencia humeda/quimica,media,media,,manufactura de etiqueta en piel 313220 nan agebs xalmimilulco,xalmimilulco,Santa Ana Xalmimilulco,Huejotzingo,auditoria_revisar_xalmimilulco_enriquecida.csv,1081.936037707714,"id, clee, nombre_de_la_unidad_economica, codigo_de_la_clase_actividad_scian, source_folder, categoria_relevancia_ambiental, palabras_clave_detectadas, distancia_hidrografia_m, rango_distancia_hidrografia, latitud, longitud, categoria_auditada, notas_auditoria"
